{
  "algorithms": {
    "ga": {
      "best_accuracy": 0.9666666666666667,
      "accuracy_history": [
        0.3333333333333333,
        0.6,
        0.3,
        0.6333333333333333,
        0.3,
        0.3,
        0.3,
        0.5666666666666667,
        0.7,
        0.3,
        0.5333333333333333,
        0.6333333333333333,
        0.5333333333333333,
        0.4666666666666667,
        0.4666666666666667,
        0.3333333333333333,
        0.3333333333333333,
        0.6,
        0.7,
        0.7,
        0.6666666666666666,
        0.6666666666666666,
        0.9,
        0.7,
        0.7,
        0.7,
        0.7,
        0.9666666666666667,
        0.9,
        0.9666666666666667,
        0.8333333333333334,
        0.7,
        0.7,
        0.7,
        0.7,
        0.7,
        0.7666666666666667,
        0.8,
        0.7,
        0.7,
        0.7666666666666667,
        0.7666666666666667,
        0.7,
        0.8333333333333334,
        0.8333333333333334,
        0.7666666666666667,
        0.9666666666666667,
        0.7333333333333333,
        0.8333333333333334,
        0.9,
        0.9,
        0.7666666666666667,
        0.9333333333333333,
        0.9333333333333333,
        0.8333333333333334,
        0.9333333333333333,
        0.8333333333333334,
        0.8666666666666667,
        0.9333333333333333,
        0.8666666666666667,
        0.8333333333333334,
        0.8333333333333334,
        0.8333333333333334,
        0.9333333333333333,
        0.8666666666666667,
        0.8333333333333334,
        0.9,
        0.8333333333333334,
        0.8333333333333334,
        0.9333333333333333,
        0.9333333333333333,
        0.8333333333333334,
        0.8,
        0.8333333333333334,
        0.9666666666666667,
        0.9666666666666667,
        0.9666666666666667,
        0.9666666666666667,
        0.9,
        0.9,
        0.8666666666666667,
        0.9333333333333333,
        0.9,
        0.8666666666666667,
        0.9333333333333333,
        0.9,
        0.9,
        0.9,
        0.9333333333333333,
        0.9333333333333333,
        0.9333333333333333,
        0.9333333333333333,
        0.9333333333333333,
        0.9333333333333333,
        0.9666666666666667,
        0.9666666666666667,
        0.9666666666666667,
        0.9666666666666667,
        0.9333333333333333,
        0.9666666666666667,
        0.9666666666666667
      ],
      "execution_time": 3.2858781814575195
    },
    "pso": {
      "best_accuracy": 1.0,
      "accuracy_history": [
        0.3333333333333333,
        0.3,
        0.3333333333333333,
        0.3,
        0.6333333333333333,
        0.6333333333333333,
        0.6333333333333333,
        0.6333333333333333,
        0.6333333333333333,
        0.6666666666666666,
        0.6666666666666666,
        0.6666666666666666,
        0.7666666666666667,
        0.9,
        0.7333333333333333,
        0.7333333333333333,
        0.7333333333333333,
        0.7333333333333333,
        0.7666666666666667,
        0.8,
        0.7333333333333333,
        0.8,
        0.7333333333333333,
        0.7333333333333333,
        0.8,
        0.8,
        0.8333333333333334,
        0.8333333333333334,
        0.9,
        0.9,
        0.9333333333333333,
        0.9333333333333333,
        0.9,
        0.9,
        0.9,
        0.9,
        0.9,
        0.9,
        0.9,
        0.9,
        0.9,
        0.9333333333333333,
        0.9666666666666667,
        0.9333333333333333,
        0.9333333333333333,
        0.9333333333333333,
        0.9333333333333333,
        0.9333333333333333,
        0.9333333333333333,
        0.9333333333333333,
        0.9333333333333333,
        0.9333333333333333,
        0.9333333333333333,
        0.9333333333333333,
        0.9333333333333333,
        0.9333333333333333,
        0.9333333333333333,
        0.9333333333333333,
        0.9333333333333333,
        0.9333333333333333,
        0.9333333333333333,
        0.9333333333333333,
        0.9333333333333333,
        0.9333333333333333,
        0.9333333333333333,
        0.9333333333333333,
        0.9666666666666667,
        0.9666666666666667,
        0.9666666666666667,
        0.9666666666666667,
        0.9666666666666667,
        0.9666666666666667,
        0.9666666666666667,
        0.9666666666666667,
        1.0,
        1.0,
        1.0,
        1.0,
        1.0,
        1.0,
        1.0,
        1.0,
        1.0,
        1.0,
        1.0,
        1.0,
        1.0,
        1.0,
        1.0,
        1.0,
        1.0,
        1.0,
        1.0,
        1.0,
        1.0,
        1.0,
        1.0,
        1.0,
        1.0,
        1.0,
        1.0
      ],
      "execution_time": 0.4578688144683838
    },
    "aco": {
      "best_accuracy": 0.6333333333333333,
      "accuracy_history": [
        0.3,
        0.5,
        0.5,
        0.5666666666666667,
        0.6333333333333333,
        0.6333333333333333,
        0.6333333333333333,
        0.6333333333333333,
        0.6333333333333333,
        0.6333333333333333,
        0.6333333333333333,
        0.6333333333333333,
        0.6333333333333333,
        0.6333333333333333,
        0.6333333333333333,
        0.6333333333333333,
        0.6333333333333333,
        0.6333333333333333,
        0.6333333333333333,
        0.6333333333333333,
        0.6333333333333333,
        0.6333333333333333,
        0.6333333333333333,
        0.6333333333333333,
        0.6333333333333333,
        0.6333333333333333,
        0.6333333333333333,
        0.6333333333333333,
        0.6333333333333333,
        0.6333333333333333,
        0.6333333333333333,
        0.6333333333333333,
        0.6333333333333333,
        0.6333333333333333,
        0.6333333333333333,
        0.6333333333333333,
        0.6333333333333333,
        0.6333333333333333,
        0.6333333333333333,
        0.6333333333333333,
        0.6333333333333333,
        0.6333333333333333,
        0.6333333333333333,
        0.6333333333333333,
        0.6333333333333333,
        0.6333333333333333,
        0.6333333333333333,
        0.6333333333333333,
        0.6333333333333333,
        0.6333333333333333,
        0.6333333333333333,
        0.6333333333333333,
        0.6333333333333333,
        0.6333333333333333,
        0.6333333333333333,
        0.6333333333333333,
        0.6333333333333333,
        0.6333333333333333,
        0.6333333333333333,
        0.6333333333333333,
        0.6333333333333333,
        0.6333333333333333,
        0.6333333333333333,
        0.6333333333333333,
        0.6333333333333333,
        0.6333333333333333,
        0.6333333333333333,
        0.6333333333333333,
        0.6333333333333333,
        0.6333333333333333,
        0.6333333333333333,
        0.6333333333333333,
        0.6333333333333333,
        0.6333333333333333,
        0.6333333333333333,
        0.6333333333333333,
        0.6333333333333333,
        0.6333333333333333,
        0.6333333333333333,
        0.6333333333333333,
        0.6333333333333333,
        0.6333333333333333,
        0.6333333333333333,
        0.6333333333333333,
        0.6333333333333333,
        0.6333333333333333,
        0.6333333333333333,
        0.6333333333333333,
        0.6333333333333333,
        0.6333333333333333,
        0.6333333333333333,
        0.6333333333333333,
        0.6333333333333333,
        0.6333333333333333,
        0.6333333333333333,
        0.6333333333333333,
        0.6333333333333333,
        0.6333333333333333,
        0.6333333333333333,
        0.6333333333333333,
        0.6333333333333333
      ],
      "execution_time": 3.2558844089508057
    },
    "tabu": {
      "best_accuracy": 1.0,