{
  "algorithms": {
    "ga": {
      "best_accuracy": 0.9666666666666667,
      "accuracy_history": [
        0.6,
        0.36666666666666664,
        0.36666666666666664,
        0.6,
        0.4,
        0.4,
        0.4,
        0.7,
        0.6666666666666666,
        0.6333333333333333,
        0.4,
        0.4666666666666667,
        0.6333333333333333,
        0.8666666666666667,
        0.8666666666666667,
        0.6333333333333333,
        0.6666666666666666,
        0.6666666666666666,
        0.5,
        0.8333333333333334,
        0.6666666666666666,
        0.7,
        0.7666666666666667,
        0.7666666666666667,
        0.8,
        0.7,
        0.7,
        0.7333333333333333,
        0.7,
        0.7,
        0.7,
        0.7,
        0.7333333333333333,
        0.9,
        0.8666666666666667,
        0.8666666666666667,
        0.7666666666666667,
        0.7333333333333333,
        0.7,
        0.8333333333333334,
        0.8666666666666667,
        0.9333333333333333,
        0.7,
        0.9,
        0.9,
        0.9,
        0.8666666666666667,
        0.7666666666666667,
        0.7333333333333333,
        0.8666666666666667,
        0.7333333333333333,
        0.9,
        0.9,
        0.9333333333333333,
        0.9,
        0.9333333333333333,
        0.8666666666666667,
        0.8666666666666667,
        0.9,
        0.8333333333333334,
        0.8333333333333334,
        0.9,
        0.8333333333333334,
        0.8333333333333334,
        0.9,
        0.9333333333333333,
        0.9333333333333333,
        0.9333333333333333,
        0.9333333333333333,
        0.8333333333333334,
        0.9,
        0.9333333333333333,
        0.8333333333333334,
        0.8333333333333334,
        0.9333333333333333,
        0.8666666666666667,
        0.9,
        0.9333333333333333,
        0.9,
        0.8333333333333334,
        0.9,
        0.9333333333333333,
        0.9333333333333333,
        0.9333333333333333,
        0.9333333333333333,
        0.9,
        0.9,
        0.9,
        0.9,
        0.9333333333333333,
        0.9333333333333333,
        0.9333333333333333,
        0.9333333333333333,
        0.9333333333333333,
        0.9333333333333333,
        0.9,
        0.9333333333333333,
        0.9333333333333333,
        0.9333333333333333,
        0.9666666666666667,
        0.9666666666666667
      ],
      "execution_time": 3.398394823074341
    },
    "pso": {
      "best_accuracy": 0.9666666666666667,
      "accuracy_history": [
        0.36666666666666664,
        0.36666666666666664,
        0.36666666666666664,
        0.3,
        0.7,
        0.8,
        0.9333333333333333,
        0.8666666666666667,
        0.8,
        0.9,
        0.8333333333333334,
        0.8,
        0.7,
        0.8,
        0.7666666666666667,
        0.8333333333333334,
        0.9,
        0.9,
        0.9333333333333333,
        0.9333333333333333,
        0.9333333333333333,
        0.9,
        0.9,
        0.8333333333333334,
        0.8666666666666667,
        0.9,
        0.9,
        0.9,
        0.9333333333333333,
        0.9333333333333333,
        0.9333333333333333,
        0.9333333333333333,
        0.9333333333333333,
        0.9666666666666667,
        0.9333333333333333,
        0.9,
        0.9,
        0.9333333333333333,
        0.9,
        0.9333333333333333,
        0.9333333333333333,
        0.9333333333333333,
        0.9333333333333333,
        0.9333333333333333,
        0.9333333333333333,
        0.9333333333333333,
        0.9666666666666667,
        0.9666666666666667,
        0.9666666666666667,
        1.0,
        0.9666666666666667,
        0.9666666666666667,
        0.9333333333333333,
        0.9333333333333333,
        0.9333333333333333,
        0.9333333333333333,
        0.9333333333333333,
        0.9333333333333333,
        0.9333333333333333,
        0.9333333333333333,
        0.9333333333333333,
        0.9333333333333333,
        0.9333333333333333,
        0.9666666666666667,
        0.9666666666666667,
        0.9666666666666667,
        0.9666666666666667,
        0.9666666666666667,
        0.9666666666666667,
        0.9333333333333333,
        0.9333333333333333,
        0.9333333333333333,
        0.9333333333333333,
        0.9333333333333333,
        0.9333333333333333,
        0.9333333333333333,
        0.9333333333333333,
        0.9333333333333333,
        0.9333333333333333,
        0.9333333333333333,
        0.9333333333333333,
        0.9333333333333333,
        0.9333333333333333,
        0.9666666666666667,
        0.9333333333333333,
        0.9333333333333333,
        0.9333333333333333,
        0.9333333333333333,
        0.9333333333333333,
        0.9333333333333333,
        0.9666666666666667,
        0.9666666666666667,
        0.9666666666666667,
        0.9666666666666667,
        0.9666666666666667,
        0.9666666666666667,
        0.9666666666666667,
        0.9666666666666667,
        0.9666666666666667,
        0.9666666666666667,
        0.9666666666666667
      ],
      "execution_time": 0.50838303565979
    },
    "aco": {
      "best_accuracy": 0.6666666666666666,
      "accuracy_history": [
        0.16666666666666666,
        0.3,
        0.3,
        0.16666666666666666,
        0.7,
        0.7,
        0.7,
        0.7,
        0.7,
        0.7,
        0.7,
        0.7,
        0.7,
        0.7,
        0.7,
        0.7,
        0.6666666666666666,
        0.6666666666666666,
        0.6666666666666666,
        0.6666666666666666,
        0.6666666666666666,
        0.6666666666666666,
        0.6666666666666666,
        0.6666666666666666,
        0.6666666666666666,
        0.6666666666666666,
        0.6666666666666666,
        0.6666666666666666,
        0.6666666666666666,
        0.6666666666666666,
        0.6666666666666666,
        0.6666666666666666,
        0.6666666666666666,
        0.6666666666666666,
        0.6666666666666666,
        0.6666666666666666,
        0.6666666666666666,
        0.6666666666666666,
        0.6666666666666666,
        0.6666666666666666,
        0.6666666666666666,
        0.6666666666666666,
        0.6666666666666666,
        0.6666666666666666,
        0.6666666666666666,
        0.6666666666666666,
        0.6666666666666666,
        0.6666666666666666,
        0.6666666666666666,
        0.6666666666666666,
        0.6666666666666666,
        0.6666666666666666,
        0.6666666666666666,
        0.6666666666666666,
        0.6666666666666666,
        0.6666666666666666,
        0.6666666666666666,
        0.6666666666666666,
        0.6666666666666666,
        0.6666666666666666,
        0.6666666666666666,
        0.6666666666666666,
        0.6666666666666666,
        0.6666666666666666,
        0.6666666666666666,
        0.6666666666666666,
        0.6666666666666666,
        0.6666666666666666,
        0.6666666666666666,
        0.6666666666666666,
        0.6666666666666666,
        0.6666666666666666,
        0.6666666666666666,
        0.6666666666666666,
        0.6666666666666666,
        0.6666666666666666,
        0.6666666666666666,
        0.6666666666666666,
        0.6666666666666666,
        0.6666666666666666,
        0.6666666666666666,
        0.6666666666666666,
        0.6666666666666666,
        0.6666666666666666,
        0.6666666666666666,
        0.6666666666666666,
        0.6666666666666666,
        0.6666666666666666,
        0.6666666666666666,
        0.6666666666666666,
        0.6666666666666666,
        0.6666666666666666,
        0.6666666666666666,
        0.6666666666666666,
        0.6666666666666666,
        0.6666666666666666,
        0.6666666666666666,
        0.6666666666666666,
        0.6666666666666666,
        0.6666666666666666,
        0.6666666666666666
      ],
      "execution_time": 3.4545907974243164
    },
    "tabu": {
      "best_accuracy": 0.9666666666666667,